{
  "annotations": {
    "list": [
      {
        "builtIn": 1,
        "datasource": {
          "type": "grafana",
          "uid": "-- Grafana --"
        },
        "enable": true,
        "hide": true,
        "iconColor": "rgba(0, 211, 255, 1)",
        "name": "Annotations & Alerts",
        "type": "dashboard"
      }
    ]
  },
  "editable": true,
  "fiscalYearStartMonth": 0,
  "graphTooltip": 0,
  "id": null,
  "links": [],
  "liveNow": false,
  "panels": [
    {
      "collapsed": false,
      "gridPos": {
        "h": 1,
        "w": 24,
        "x": 0,
        "y": 0
      },
      "id": 100,
      "panels": [],
      "title": "Windows Local Computer - System Overview",
      "type": "row"
    },
    {
      "datasource": {
        "type": "prometheus",
        "uid": "cf0in65f5p3pcd"
      },
      "fieldConfig": {
        "defaults": {
          "color": {
            "mode": "thresholds"
          },
          "mappings": [],
          "thresholds": {
            "mode": "absolute",
            "steps": [
              {
                "color": "green",
                "value": null
              },
              {
                "color": "red",
                "value": 0
              }
            ]
          }
        },
        "overrides": []
      },
      "gridPos": {
        "h": 8,
        "w": 6,
        "x": 0,
        "y": 1
      },
      "id": 1,
      "options": {
        "colorMode": "background",
        "graphMode": "area",
        "justifyMode": "center",
        "orientation": "auto",
        "reduceOptions": {
          "calcs": [
            "lastNotNull"
          ],
          "fields": "",
          "values": false
        },
        "textMode": "auto"
      },
      "pluginVersion": "8.5.0",
      "targets": [
        {
          "datasource": {
            "type": "prometheus",
            "uid": "cf0in65f5p3pcd"
          },
          "expr": "up{instance=\"local-computer\"}",
          "refId": "A"
        }
      ],
      "title": "System Status",
      "type": "stat"
    },
    {
      "datasource": {
        "type": "prometheus",
        "uid": "cf0in65f5p3pcd"
      },
      "fieldConfig": {
        "defaults": {
          "color": {
            "mode": "thresholds"
          },
          "mappings": [],
          "thresholds": {
            "mode": "absolute",
            "steps": [
              {
                "color": "green",
                "value": null
              }
            ]
          }
        },
        "overrides": []
      },
      "gridPos": {
        "h": 8,
        "w": 6,
        "x": 6,
        "y": 1
      },
      "id": 2,
      "options": {
        "colorMode": "value",
        "graphMode": "area",
        "justifyMode": "center",
        "orientation": "auto",
        "reduceOptions": {
          "calcs": [
            "lastNotNull"
          ],
          "fields": "",
          "values": false
        },
        "textMode": "auto"
      },
      "pluginVersion": "8.5.0",
      "targets": [
        {
          "datasource": {
            "type": "prometheus",
            "uid": "cf0in65f5p3pcd"
          },
          "expr": "node_load1{instance=\"local-computer\"}",
          "refId": "A"
        }
      ],
      "title": "Load Average (1m)",
      "type": "stat"
    },
    {
      "datasource": {
        "type": "prometheus",
        "uid": "cf0in65f5p3pcd"
      },
      "fieldConfig": {
        "defaults": {
          "color": {
            "mode": "thresholds"
          },
          "mappings": [],
          "thresholds": {
            "mode": "absolute",
            "steps": [
              {
                "color": "green",
                "value": null
              }
            ]
          },
          "unit": "s"
        },
        "overrides": []
      },
      "gridPos": {
        "h": 8,
        "w": 6,
        "x": 12,
        "y": 1
      },
      "id": 3,
      "options": {
        "colorMode": "value",
        "graphMode": "area",
        "justifyMode": "center",
        "orientation": "auto",
        "reduceOptions": {
          "calcs": [
            "lastNotNull"
          ],
          "fields": "",
          "values": false
        },
        "textMode": "auto"
      },
      "pluginVersion": "8.5.0",
      "targets": [
        {
          "datasource": {
            "type": "prometheus",
            "uid": "cf0in65f5p3pcd"
          },
          "expr": "time() - node_boot_time_seconds{instance=\"local-computer\"}",
          "refId": "A"
        }
      ],
      "title": "Uptime",
      "type": "stat"
    },
    {
      "datasource": {
        "type": "prometheus",
        "uid": "cf0in65f5p3pcd"
      },
      "fieldConfig": {
        "defaults": {
          "color": {
            "mode": "thresholds"
          },
          "mappings": [],
          "thresholds": {
            "mode": "absolute",
            "steps": [
              {
                "color": "green",
                "value": null
              }
            ]
          },
          "unit": "bytes"
        },
        "overrides": []
      },
      "gridPos": {
        "h": 8,
        "w": 6,
        "x": 18,
        "y": 1
      },
      "id": 4,
      "options": {
        "colorMode": "value",
        "graphMode": "area",
        "justifyMode": "center",
        "orientation": "auto",
        "reduceOptions": {
          "calcs": [
            "lastNotNull"
          ],
          "fields": "",
          "values": false
        },
        "textMode": "auto"
      },
      "pluginVersion": "8.5.0",
      "targets": [
        {
          "datasource": {
            "type": "prometheus",
            "uid": "cf0in65f5p3pcd"
          },
          "expr": "node_memory_MemTotal_bytes{instance=\"local-computer\"}",
          "refId": "A"
        }
      ],
      "title": "Total Memory",
      "type": "stat"
    },
    {
      "collapsed": false,
      "gridPos": {
        "h": 1,
        "w": 24,
        "x": 0,
        "y": 9
      },
      "id": 101,
      "panels": [],
      "title": "System Metrics - Time Series",
      "type": "row"
    },
    {
      "datasource": {
        "type": "prometheus",
        "uid": "cf0in65f5p3pcd"
      },
      "fieldConfig": {
        "defaults": {
          "color": {
            "mode": "palette-classic"
          },
          "custom": {
            "axisLabel": "",
            "axisPlacement": "auto",
            "barAlignment": 0,
            "drawStyle": "line",
            "fillOpacity": 10,
            "gradientMode": "none",
            "hideFrom": {
              "legend": false,
              "tooltip": false,
              "vis": false
            },
            "lineInterpolation": "linear",
            "lineWidth": 2,
            "pointSize": 5,
            "scaleDistribution": {
              "type": "linear"
            },
            "showPoints": "never",
            "spanNulls": false,
            "stacking": {
              "group": "A",
              "mode": "none"
            },
            "thresholdsStyle": {
              "mode": "off"
            }
          },
          "mappings": [],
          "thresholds": {
            "mode": "absolute",
            "steps": [
              {
                "color": "green",
                "value": null
              },
              {
                "color": "red",
                "value": 80
              }
            ]
          }
        },
        "overrides": []
      },
      "gridPos": {
        "h": 8,
        "w": 12,
        "x": 0,
        "y": 10
      },
      "id": 5,
      "options": {
        "legend": {
          "calcs": [],
          "displayMode": "list",
          "placement": "bottom"
        },
        "tooltip": {
          "mode": "single",
          "sort": "none"
        }
      },
      "targets": [
        {
          "datasource": {
            "type": "prometheus",
            "uid": "cf0in65f5p3pcd"
          },
          "expr": "node_load1{instance=\"local-computer\"}",
          "refId": "A",
          "legendFormat": "Load 1m"
        },
        {
          "datasource": {
            "type": "prometheus",
            "uid": "cf0in65f5p3pcd"
          },
          "expr": "node_load5{instance=\"local-computer\"}",
          "refId": "B",
          "legendFormat": "Load 5m"
        },
        {
          "datasource": {
            "type": "prometheus",
            "uid": "cf0in65f5p3pcd"
          },
          "expr": "node_load15{instance=\"local-computer\"}",
          "refId": "C",
          "legendFormat": "Load 15m"
        }
      ],
      "title": "System Load Average",
      "type": "timeseries"
    },
    {
      "datasource": {
        "type": "prometheus",
        "uid": "cf0in65f5p3pcd"
      },
      "fieldConfig": {
        "defaults": {
          "color": {
            "mode": "palette-classic"
          },
          "custom": {
            "axisLabel": "",
            "axisPlacement": "auto",
            "barAlignment": 0,
            "drawStyle": "line",
            "fillOpacity": 10,
            "gradientMode": "none",
            "hideFrom": {
              "legend": false,
              "tooltip": false,
              "vis": false
            },
            "lineInterpolation": "linear",
            "lineWidth": 2,
            "pointSize": 5,
            "scaleDistribution": {
              "type": "linear"
            },
            "showPoints": "never",
            "spanNulls": false,
            "stacking": {
              "group": "A",
              "mode": "none"
            },
            "thresholdsStyle": {
              "mode": "off"
            }
          },
          "mappings": [],
          "thresholds": {
            "mode": "absolute",
            "steps": [
              {
                "color": "green",
                "value": null
              },
              {
                "color": "red",
                "value": 80
              }
            ]
          },
          "unit": "bytes"
        },
        "overrides": []
      },
      "gridPos": {
        "h": 8,
        "w": 12,
        "x": 12,
        "y": 10
      },
      "id": 6,
      "options": {
        "legend": {
          "calcs": [],
          "displayMode": "list",
          "placement": "bottom"
        },
        "tooltip": {
          "mode": "single",
          "sort": "none"
        }
      },
      "targets": [
        {
          "datasource": {
            "type": "prometheus",
            "uid": "cf0in65f5p3pcd"
          },
          "expr": "node_memory_MemTotal_bytes{instance=\"local-computer\"}",
          "refId": "A",
          "legendFormat": "Total Memory"
        },
        {
          "datasource": {
            "type": "prometheus",
            "uid": "cf0in65f5p3pcd"
          },
          "expr": "node_memory_MemAvailable_bytes{instance=\"local-computer\"}",
          "refId": "B",
          "legendFormat": "Available Memory"
        },
        {
          "datasource": {
            "type": "prometheus",
            "uid": "cf0in65f5p3pcd"
          },
          "expr": "node_memory_MemTotal_bytes{instance=\"local-computer\"} - node_memory_MemAvailable_bytes{instance=\"local-computer\"}",
          "refId": "C",
          "legendFormat": "Used Memory"
        }
      ],
      "title": "Memory Usage",
      "type": "timeseries"
    },
    {
      "collapsed": false,
      "gridPos": {
        "h": 1,
        "w": 24,
        "x": 0,
        "y": 18
      },
      "id": 102,
      "panels": [],
      "title": "Network and Disk",
      "type": "row"
    },
    {
      "datasource": {
        "type": "prometheus",
        "uid": "cf0in65f5p3pcd"
      },
      "fieldConfig": {
        "defaults": {
          "color": {
            "mode": "palette-classic"
          },
          "custom": {
            "axisLabel": "",
            "axisPlacement": "auto",
            "barAlignment": 0,
            "drawStyle": "line",
            "fillOpacity": 10,
            "gradientMode": "none",
            "hideFrom": {
              "legend": false,
              "tooltip": false,
              "vis": false
            },
            "lineInterpolation": "linear",
            "lineWidth": 2,
            "pointSize": 5,
            "scaleDistribution": {
              "type": "linear"
            },
            "showPoints": "never",
            "spanNulls": false,
            "stacking": {
              "group": "A",
              "mode": "none"
            },
            "thresholdsStyle": {
              "mode": "off"
            }
          },
          "mappings": [],
          "thresholds": {
            "mode": "absolute",
            "steps": [
              {
                "color": "green",
                "value": null
              },
              {
                "color": "red",
                "value": 80
              }
            ]
          },
          "unit": "binBps"
        },
        "overrides": [
          {
            "matcher": {
              "id": "byRegexp",
              "options": ".*transmit.*"
            },
            "properties": [
              {
                "id": "custom.transform",
                "value": "negative-Y"
              }
            ]
          }
        ]
      },
      "gridPos": {
        "h": 8,
        "w": 12,
        "x": 0,
        "y": 19
      },
      "id": 7,
      "options": {
        "legend": {
          "calcs": [],
          "displayMode": "list",
          "placement": "bottom"
        },
        "tooltip": {
          "mode": "single",
          "sort": "none"
        }
      },
      "targets": [
        {
          "datasource": {
            "type": "prometheus",
            "uid": "cf0in65f5p3pcd"
          },
          "expr": "rate(node_network_receive_bytes_total{instance=\"local-computer\"}[5m])",
          "refId": "A",
          "legendFormat": "{{device}} - receive"
        },
        {
          "datasource": {
            "type": "prometheus",
            "uid": "cf0in65f5p3pcd"
          },
          "expr": "rate(node_network_transmit_bytes_total{instance=\"local-computer\"}[5m])",
          "refId": "B",
          "legendFormat": "{{device}} - transmit"
        }
      ],
      "title": "Network I/O",
      "type": "timeseries"
    },
    {
      "datasource": {
        "type": "prometheus",
        "uid": "cf0in65f5p3pcd"
      },
      "fieldConfig": {
        "defaults": {
          "color": {
            "mode": "palette-classic"
          },
          "custom": {
            "axisLabel": "",
            "axisPlacement": "auto",
            "barAlignment": 0,
            "drawStyle": "line",
            "fillOpacity": 10,
            "gradientMode": "none",
            "hideFrom": {
              "legend": false,
              "tooltip": false,
              "vis": false
            },
            "lineInterpolation": "linear",
            "lineWidth": 2,
            "pointSize": 5,
            "scaleDistribution": {
              "type": "linear"
            },
            "showPoints": "never",
            "spanNulls": false,
            "stacking": {
              "group": "A",
              "mode": "none"
            },
            "thresholdsStyle": {
              "mode": "off"
            }
          },
          "mappings": [],
          "thresholds": {
            "mode": "absolute",
            "steps": [
              {
                "color": "green",
                "value": null
              },
              {
                "color": "red",
                "value": 80
              }
            ]
          },
          "unit": "bytes"
        },
        "overrides": []
      },
      "gridPos": {
        "h": 8,
        "w": 12,
        "x": 12,
        "y": 19
      },
      "id": 8,
      "options": {
        "legend": {
          "calcs": [],
          "displayMode": "list",
          "placement": "bottom"
        },
        "tooltip": {
          "mode": "single",
          "sort": "none"
        }
      },
      "targets": [
        {
          "datasource": {
            "type": "prometheus",
            "uid": "cf0in65f5p3pcd"
          },
          "expr": "node_filesystem_size_bytes{instance=\"local-computer\"}",
          "refId": "A",
          "legendFormat": "{{device}} - Total"
        },
        {
          "datasource": {
            "type": "prometheus",
            "uid": "cf0in65f5p3pcd"
          },
          "expr": "node_filesystem_free_bytes{instance=\"local-computer\"}",
          "refId": "B",
          "legendFormat": "{{device}} - Free"
        },
        {
          "datasource": {
            "type": "prometheus",
            "uid": "cf0in65f5p3pcd"
          },
          "expr": "node_filesystem_size_bytes{instance=\"local-computer\"} - node_filesystem_free_bytes{instance=\"local-computer\"}",
          "refId": "C",
          "legendFormat": "{{device}} - Used"
        }
      ],
      "title": "Disk Usage",
      "type": "timeseries"
    }
  ],
  "refresh": "30s",
  "schemaVersion": 30,
  "style": "dark",
  "tags": [
    "windows",
    "local",
    "optimon"
  ],
  "templating": {
    "list": []
  },
  "time": {
    "from": "now-1h",
    "to": "now"
  },
  "timepicker": {},
  "timezone": "",
  "title": "Windows Local Dashboard - OptiMon (Fixed)",
  "uid": "windows-local-fixed",
  "version": 1
}