{{

  "recipients": [  "recipients": [

    {    {

      "email": "admin@ejemplo.com",      "email": "oagr2010@hotmail.com",

      "name": "Administrador",      "name": "oagr2010",

      "active": true,      "active": true,

      "added_date": "2025-10-09T00:00:00.000000"      "added_date": "C:\\Users\\oagr2\\Documents\\GitHub\\PROYECTO_TESIS\\2-INICIAR-MONITOREO"

    }    },

  ],    {

  "default_recipient": "admin@ejemplo.com"      "email": "wacry77@gmail.com",

}      "name": "wacry77",
      "active": true,
      "added_date": "C:\\Users\\oagr2\\Documents\\GitHub\\PROYECTO_TESIS\\2-INICIAR-MONITOREO"
    },
    {
      "email": "maximat4@fpuna.edu.py",
      "active": true,
      "added_date": "2025-10-09T09:32:47.191361"
    }
  ],
  "default_recipient": "oagr2010@hotmail.com"
}