{
  "timestamp": "2025-10-09 13:05:21",
  "final_score": 93.75,
  "status": "EXCELENTE",
  "endpoints": {
    "Dashboard principal": {
      "status": false,
      "error": "HTTPConnectionPool(host='localhost', port=5000): Read timed out. (read timeout=5)",
      "url": "http://localhost:5000"
    },
    "Estado de monitoreo": {
      "status": true,
      "code": 200,
      "url": "http://localhost:5000/api/monitoring/status"
    },
    "Estado del sistema": {
      "status": true,
      "code": 200,
      "url": "http://localhost:5000/api/system-status"
    },
    "Health check SMTP": {
      "status": true,
      "code": 200,
      "url": "http://localhost:5555/health"
    },
    "M\u00e9tricas Windows Exporter": {
      "status": true,
      "code": 200,
      "url": "http://localhost:9182/metrics"
    },
    "Targets Prometheus": {
      "status": true,
      "code": 200,
      "url": "http://localhost:9090/api/v1/targets"
    },
    "API Grafana": {
      "status": true,
      "code": 200,
      "url": "http://localhost:3000/api/health"
    },
    "API AlertManager": {
      "status": false,
      "code": 410,
      "url": "http://localhost:9093/api/v1/status"
    }
  },
  "ports": {
    "Grafana": true,
    "OptiMon Dashboard": true,
    "SMTP Service": true,
    "Prometheus": true,
    "AlertManager": true,
    "Windows Exporter": true
  },
  "metrics_working": true,
  "prometheus_integration": true,
  "summary": {
    "endpoints_working": "6/8",
    "ports_active": "6/6",
    "overall_health": "EXCELENTE"
  }
}