{
  "dashboard": {
    "id": null,
    "title": "OptiMon - Resumen de Infraestructura",
    "tags": [
      "optimon"
    ],
    "timezone": "browser",
    "panels": [
      {
        "id": 1,
        "title": "CPU Usage",
        "type": "stat",
        "targets": [
          {
            "expr": "100 - (avg by(instance) (irate(node_cpu_seconds_total{mode=\"idle\"}[5m])) * 100)",
            "legendFormat": "{{instance}}"
          }
        ],
        "gridPos": {
          "h": 8,
          "w": 12,
          "x": 0,
          "y": 0
        }
      }
    ],
    "time": {
      "from": "now-1h",
      "to": "now"
    },
    "refresh": "30s"
  }
}