{
  "version": "3.0.0-UNIFIED",
  "build_date": "2025-10-23T19:40:27.538955",
  "build_timestamp": "20251023_194026",
  "description": "OptiMon Sistema Unificado - Distribución Final",
  "features": [
    "Portal web unificado",
    "Auto-descubrimiento AWS y Azure",
    "SSH key auto-detection",
    "Node Exporter auto-instalación",
    "Windows Exporter automático",
    "Email alerts configurables",
    "Dashboards Grafana pre-configurados",
    "Sistema de alertas avanzado"
  ],
  "requirements": {
    "python": "3.11+",
    "docker": "latest",
    "memory": "4GB",
    "disk": "2GB"
  },
  "services": {
    "optimon_portal": "http://localhost:5000",
    "grafana": "http://localhost:3000",
    "prometheus": "http://localhost:9090",
    "alertmanager": "http://localhost:9093"
  },
  "compatibility": {
    "windows": "10/11",
    "linux": "Ubuntu 18.04+, CentOS 7+",
    "macos": "10.14+"
  }
}