{
  "annotations": {
    "list": [
      {
        "builtIn": 1,
        "datasource": "-- Grafana --",
        "enable": true,
        "hide": true,
        "iconColor": "rgba(0, 211, 255, 1)",
        "name": "Annotations & Alerts",
        "type": "dashboard"
      }
    ]
  },
  "editable": true,
  "gnetId": null,
  "graphTooltip": 0,
  "id": null,
  "links": [],
  "panels": [
    {
      "datasource": "Prometheus",
      "fieldConfig": {
        "defaults": {
          "color": {
            "mode": "thresholds"
          },
          "mappings": [
            {
              "options": {
                "0": {
                  "color": "red",
                  "index": 1,
                  "text": "DOWN"
                },
                "1": {
                  "color": "green",
                  "index": 0,
                  "text": "UP"
                }
              },
              "type": "value"
            }
          ],
          "thresholds": {
            "mode": "absolute",
            "steps": [
              {
                "color": "red",
                "value": null
              },
              {
                "color": "green",
                "value": 1
              }
            ]
          }
        },
        "overrides": []
      },
      "gridPos": {
        "h": 4,
        "w": 6,
        "x": 0,
        "y": 0
      },
      "id": 1,
      "options": {
        "colorMode": "background",
        "graphMode": "none",
        "justifyMode": "center",
        "orientation": "auto",
        "reduceOptions": {
          "values": false,
          "calcs": [
            "lastNotNull"
          ],
          "fields": ""
        },
        "textMode": "auto"
      },
      "targets": [
        {
          "expr": "up{provider=\"azure\"}",
          "legendFormat": "{{instance}}",
          "refId": "A"
        }
      ],
      "title": "Azure VM Status",
      "type": "stat"
    },
    {
      "datasource": "Prometheus",
      "fieldConfig": {
        "defaults": {
          "color": {
            "mode": "thresholds"
          },
          "mappings": [],
          "thresholds": {
            "mode": "absolute",
            "steps": [
              {
                "color": "green",
                "value": null
              },
              {
                "color": "yellow",
                "value": 70
              },
              {
                "color": "red",
                "value": 90
              }
            ]
          },
          "unit": "percent"
        },
        "overrides": []
      },
      "gridPos": {
        "h": 4,
        "w": 6,
        "x": 6,
        "y": 0
      },
      "id": 2,
      "options": {
        "colorMode": "value",
        "graphMode": "area",
        "justifyMode": "auto",
        "orientation": "auto",
        "reduceOptions": {
          "values": false,
          "calcs": [
            "lastNotNull"
          ],
          "fields": ""
        },
        "textMode": "auto"
      },
      "targets": [
        {
          "expr": "100 - (avg(rate(node_cpu_seconds_total{mode=\"idle\",provider=\"azure\"}[5m])) * 100)",
          "legendFormat": "CPU %",
          "refId": "A"
        }
      ],
      "title": "CPU Usage",
      "type": "stat"
    },
    {
      "datasource": "Prometheus",
      "fieldConfig": {
        "defaults": {
          "color": {
            "mode": "thresholds"
          },
          "mappings": [],
          "thresholds": {
            "mode": "absolute",
            "steps": [
              {
                "color": "green",
                "value": null
              },
              {
                "color": "yellow",
                "value": 70
              },
              {
                "color": "red",
                "value": 90
              }
            ]
          },
          "unit": "percent"
        },
        "overrides": []
      },
      "gridPos": {
        "h": 4,
        "w": 6,
        "x": 12,
        "y": 0
      },
      "id": 3,
      "options": {
        "colorMode": "value",
        "graphMode": "area",
        "justifyMode": "auto",
        "orientation": "auto",
        "reduceOptions": {
          "values": false,
          "calcs": [
            "lastNotNull"
          ],
          "fields": ""
        },
        "textMode": "auto"
      },
      "targets": [
        {
          "expr": "(1 - (node_memory_MemAvailable_bytes{provider=\"azure\"} / node_memory_MemTotal_bytes{provider=\"azure\"})) * 100",
          "legendFormat": "Memory %",
          "refId": "A"
        }
      ],
      "title": "Memory Usage",
      "type": "stat"
    },
    {
      "datasource": "Prometheus",
      "fieldConfig": {
        "defaults": {
          "color": {
            "mode": "thresholds"
          },
          "mappings": [],
          "thresholds": {
            "mode": "absolute",
            "steps": [
              {
                "color": "green",
                "value": null
              },
              {
                "color": "yellow",
                "value": 70
              },
              {
                "color": "red",
                "value": 90
              }
            ]
          },
          "unit": "percent"
        },
        "overrides": []
      },
      "gridPos": {
        "h": 4,
        "w": 6,
        "x": 18,
        "y": 0
      },
      "id": 4,
      "options": {
        "colorMode": "value",
        "graphMode": "area",
        "justifyMode": "auto",
        "orientation": "auto",
        "reduceOptions": {
          "values": false,
          "calcs": [
            "lastNotNull"
          ],
          "fields": ""
        },
        "textMode": "auto"
      },
      "targets": [
        {
          "expr": "100 - ((node_filesystem_avail_bytes{mountpoint=\"/\",provider=\"azure\"} / node_filesystem_size_bytes{mountpoint=\"/\",provider=\"azure\"}) * 100)",
          "legendFormat": "Disk %",
          "refId": "A"
        }
      ],
      "title": "Disk Usage",
      "type": "stat"
    },
    {
      "datasource": "Prometheus",
      "fieldConfig": {
        "defaults": {
          "color": {
            "mode": "palette-classic"
          },
          "custom": {
            "axisLabel": "",
            "axisPlacement": "auto",
            "barAlignment": 0,
            "drawStyle": "line",
            "fillOpacity": 10,
            "gradientMode": "none",
            "hideFrom": {
              "legend": false,
              "tooltip": false,
              "vis": false
            },
            "lineInterpolation": "linear",
            "lineWidth": 2,
            "pointSize": 5,
            "scaleDistribution": {
              "type": "linear"
            },
            "showPoints": "never",
            "spanNulls": false,
            "stacking": {
              "group": "A",
              "mode": "none"
            },
            "thresholdsStyle": {
              "mode": "off"
            }
          },
          "mappings": [],
          "thresholds": {
            "mode": "absolute",
            "steps": [
              {
                "color": "green",
                "value": null
              },
              {
                "color": "red",
                "value": 80
              }
            ]
          },
          "unit": "percent"
        },
        "overrides": []
      },
      "gridPos": {
        "h": 8,
        "w": 12,
        "x": 0,
        "y": 4
      },
      "id": 5,
      "options": {
        "legend": {
          "calcs": ["last"],
          "displayMode": "table",
          "placement": "bottom"
        },
        "tooltip": {
          "mode": "multi"
        }
      },
      "targets": [
        {
          "expr": "100 - (avg by (instance) (rate(node_cpu_seconds_total{mode=\"idle\",provider=\"azure\"}[5m])) * 100)",
          "legendFormat": "{{instance}} CPU",
          "refId": "A"
        }
      ],
      "title": "Azure VMs - CPU Usage Over Time",
      "type": "timeseries"
    },
    {
      "datasource": "Prometheus",
      "fieldConfig": {
        "defaults": {
          "color": {
            "mode": "palette-classic"
          },
          "custom": {
            "axisLabel": "",
            "axisPlacement": "auto",
            "barAlignment": 0,
            "drawStyle": "line",
            "fillOpacity": 10,
            "gradientMode": "none",
            "hideFrom": {
              "legend": false,
              "tooltip": false,
              "vis": false
            },
            "lineInterpolation": "linear",
            "lineWidth": 2,
            "pointSize": 5,
            "scaleDistribution": {
              "type": "linear"
            },
            "showPoints": "never",
            "spanNulls": false,
            "stacking": {
              "group": "A",
              "mode": "none"
            },
            "thresholdsStyle": {
              "mode": "off"
            }
          },
          "mappings": [],
          "thresholds": {
            "mode": "absolute",
            "steps": [
              {
                "color": "green",
                "value": null
              },
              {
                "color": "red",
                "value": 80
              }
            ]
          },
          "unit": "percent"
        },
        "overrides": []
      },
      "gridPos": {
        "h": 8,
        "w": 12,
        "x": 12,
        "y": 4
      },
      "id": 6,
      "options": {
        "legend": {
          "calcs": ["last"],
          "displayMode": "table",
          "placement": "bottom"
        },
        "tooltip": {
          "mode": "multi"
        }
      },
      "targets": [
        {
          "expr": "(1 - (node_memory_MemAvailable_bytes{provider=\"azure\"} / node_memory_MemTotal_bytes{provider=\"azure\"})) * 100",
          "legendFormat": "{{instance}} Memory",
          "refId": "A"
        }
      ],
      "title": "Azure VMs - Memory Usage Over Time",
      "type": "timeseries"
    },
    {
      "datasource": "Prometheus",
      "fieldConfig": {
        "defaults": {
          "color": {
            "mode": "palette-classic"
          },
          "custom": {
            "axisLabel": "",
            "axisPlacement": "auto",
            "barAlignment": 0,
            "drawStyle": "line",
            "fillOpacity": 10,
            "gradientMode": "none",
            "hideFrom": {
              "legend": false,
              "tooltip": false,
              "vis": false
            },
            "lineInterpolation": "linear",
            "lineWidth": 2,
            "pointSize": 5,
            "scaleDistribution": {
              "type": "linear"
            },
            "showPoints": "never",
            "spanNulls": false,
            "stacking": {
              "group": "A",
              "mode": "none"
            },
            "thresholdsStyle": {
              "mode": "off"
            }
          },
          "mappings": [],
          "thresholds": {
            "mode": "absolute",
            "steps": [
              {
                "color": "green",
                "value": null
              },
              {
                "color": "red",
                "value": 80
              }
            ]
          },
          "unit": "Bps"
        },
        "overrides": []
      },
      "gridPos": {
        "h": 8,
        "w": 24,
        "x": 0,
        "y": 12
      },
      "id": 7,
      "options": {
        "legend": {
          "calcs": ["last"],
          "displayMode": "table",
          "placement": "bottom"
        },
        "tooltip": {
          "mode": "multi"
        }
      },
      "targets": [
        {
          "expr": "rate(node_network_receive_bytes_total{device!=\"lo\",provider=\"azure\"}[5m])",
          "legendFormat": "{{instance}} {{device}} RX",
          "refId": "A"
        },
        {
          "expr": "rate(node_network_transmit_bytes_total{device!=\"lo\",provider=\"azure\"}[5m])",
          "legendFormat": "{{instance}} {{device}} TX",
          "refId": "B"
        }
      ],
      "title": "Azure VMs - Network I/O",
      "type": "timeseries"
    },
    {
      "datasource": "Prometheus",
      "fieldConfig": {
        "defaults": {
          "custom": {
            "align": "auto",
            "displayMode": "auto"
          },
          "mappings": [],
          "thresholds": {
            "mode": "absolute",
            "steps": [
              {
                "color": "green",
                "value": null
              },
              {
                "color": "red",
                "value": 80
              }
            ]
          }
        },
        "overrides": [
          {
            "matcher": {
              "id": "byName",
              "options": "Status"
            },
            "properties": [
              {
                "id": "mappings",
                "value": [
                  {
                    "options": {
                      "0": {
                        "color": "red",
                        "index": 1,
                        "text": "DOWN"
                      },
                      "1": {
                        "color": "green",
                        "index": 0,
                        "text": "UP"
                      }
                    },
                    "type": "value"
                  }
                ]
              },
              {
                "id": "custom.displayMode",
                "value": "color-background"
              }
            ]
          }
        ]
      },
      "gridPos": {
        "h": 8,
        "w": 24,
        "x": 0,
        "y": 20
      },
      "id": 8,
      "options": {
        "showHeader": true,
        "sortBy": [
          {
            "desc": false,
            "displayName": "Instance"
          }
        ]
      },
      "targets": [
        {
          "expr": "up{provider=\"azure\"}",
          "format": "table",
          "instant": true,
          "legendFormat": "",
          "refId": "A"
        },
        {
          "expr": "100 - (avg by (instance) (rate(node_cpu_seconds_total{mode=\"idle\",provider=\"azure\"}[5m])) * 100)",
          "format": "table",
          "instant": true,
          "legendFormat": "",
          "refId": "B"
        },
        {
          "expr": "(1 - (node_memory_MemAvailable_bytes{provider=\"azure\"} / node_memory_MemTotal_bytes{provider=\"azure\"})) * 100",
          "format": "table",
          "instant": true,
          "legendFormat": "",
          "refId": "C"
        },
        {
          "expr": "100 - ((node_filesystem_avail_bytes{mountpoint=\"/\",provider=\"azure\"} / node_filesystem_size_bytes{mountpoint=\"/\",provider=\"azure\"}) * 100)",
          "format": "table",
          "instant": true,
          "legendFormat": "",
          "refId": "D"
        }
      ],
      "title": "Azure VMs Summary",
      "transformations": [
        {
          "id": "merge",
          "options": {}
        },
        {
          "id": "organize",
          "options": {
            "excludeByName": {
              "__name__": true,
              "Time": true,
              "job": true
            },
            "indexByName": {
              "Value #A": 1,
              "Value #B": 2,
              "Value #C": 3,
              "Value #D": 4,
              "instance": 0
            },
            "renameByName": {
              "Value #A": "Status",
              "Value #B": "CPU %",
              "Value #C": "Memory %", 
              "Value #D": "Disk %",
              "instance": "Instance"
            }
          }
        }
      ],
      "type": "table"
    }
  ],
  "refresh": "5s",
  "schemaVersion": 27,
  "style": "dark",
  "tags": ["optimon", "azure", "infrastructure"],
  "templating": {
    "list": []
  },
  "time": {
    "from": "now-1h",
    "to": "now"
  },
  "timepicker": {},
  "timezone": "",
  "title": "OptiMon - Azure VMs Monitoring",
  "uid": "optimon-azure-vms",
  "version": 1
}