{
  "dashboard": {
    "id": null,
    "uid": "optimon-windows-local",
    "title": "OptiMon - Windows Local Monitoring",
    "tags": ["optimon", "windows", "local"],
    "timezone": "browser",
    "refresh": "30s",
    "time": {
      "from": "now-1h",
      "to": "now"
    },
    "panels": [
      {
        "id": 1,
        "title": "CPU Usage (%)",
        "type": "stat",
        "targets": [
          {
            "expr": "100 - (avg(irate(windows_cpu_time_total{mode=\"idle\",job=\"windows_local\"}[5m])) * 100)",
            "refId": "A",
            "legendFormat": "CPU Usage"
          }
        ],
        "fieldConfig": {
          "defaults": {
            "min": 0,
            "max": 100,
            "unit": "percent",
            "color": {
              "mode": "thresholds"
            },
            "thresholds": {
              "steps": [
                {"color": "green", "value": null},
                {"color": "yellow", "value": 70},
                {"color": "red", "value": 90}
              ]
            }
          }
        },
        "options": {
          "orientation": "auto",
          "reduceOptions": {
            "values": false,
            "calcs": ["lastNotNull"],
            "fields": ""
          },
          "textMode": "auto",
          "colorMode": "value",
          "graphMode": "area",
          "justifyMode": "auto"
        },
        "gridPos": {"h": 8, "w": 6, "x": 0, "y": 0}
      },
      {
        "id": 2,
        "title": "Memory Usage (%)",
        "type": "stat",
        "targets": [
          {
            "expr": "(1 - (windows_os_physical_memory_free_bytes{job=\"windows_local\"} / windows_os_total_visible_memory_bytes{job=\"windows_local\"})) * 100",
            "refId": "A",
            "legendFormat": "Memory Usage"
          }
        ],
        "fieldConfig": {
          "defaults": {
            "min": 0,
            "max": 100,
            "unit": "percent",
            "color": {
              "mode": "thresholds"
            },
            "thresholds": {
              "steps": [
                {"color": "green", "value": null},
                {"color": "yellow", "value": 80},
                {"color": "red", "value": 95}
              ]
            }
          }
        },
        "options": {
          "orientation": "auto",
          "reduceOptions": {
            "values": false,
            "calcs": ["lastNotNull"],
            "fields": ""
          },
          "textMode": "auto",
          "colorMode": "value",
          "graphMode": "area",
          "justifyMode": "auto"
        },
        "gridPos": {"h": 8, "w": 6, "x": 6, "y": 0}
      },
      {
        "id": 3,
        "title": "Disk Usage (%)",
        "type": "stat",
        "targets": [
          {
            "expr": "100 - (min(windows_logical_disk_free_bytes{job=\"windows_local\"} / windows_logical_disk_size_bytes{job=\"windows_local\"}) * 100)",
            "refId": "A",
            "legendFormat": "Disk Usage"
          }
        ],
        "fieldConfig": {
          "defaults": {
            "min": 0,
            "max": 100,
            "unit": "percent",
            "color": {
              "mode": "thresholds"
            },
            "thresholds": {
              "steps": [
                {"color": "green", "value": null},
                {"color": "yellow", "value": 85},
                {"color": "red", "value": 95}
              ]
            }
          }
        },
        "options": {
          "orientation": "auto",
          "reduceOptions": {
            "values": false,
            "calcs": ["lastNotNull"],
            "fields": ""
          },
          "textMode": "auto",
          "colorMode": "value",
          "graphMode": "area",
          "justifyMode": "auto"
        },
        "gridPos": {"h": 8, "w": 6, "x": 12, "y": 0}
      },
      {
        "id": 4,
        "title": "System Info",
        "type": "stat",
        "targets": [
          {
            "expr": "windows_cs_logical_processors{job=\"windows_local\"}",
            "refId": "A",
            "legendFormat": "CPU Cores"
          }
        ],
        "fieldConfig": {
          "defaults": {
            "unit": "short",
            "color": {
              "mode": "palette-classic"
            }
          }
        },
        "options": {
          "orientation": "auto",
          "reduceOptions": {
            "values": false,
            "calcs": ["lastNotNull"],
            "fields": ""
          },
          "textMode": "auto",
          "colorMode": "value"
        },
        "gridPos": {"h": 8, "w": 6, "x": 18, "y": 0}
      },
      {
        "id": 5,
        "title": "CPU Usage Over Time",
        "type": "timeseries",
        "targets": [
          {
            "expr": "100 - (avg(irate(windows_cpu_time_total{mode=\"idle\",job=\"windows_local\"}[5m])) * 100)",
            "refId": "A",
            "legendFormat": "CPU Usage %"
          }
        ],
        "fieldConfig": {
          "defaults": {
            "custom": {
              "drawStyle": "line",
              "lineInterpolation": "linear",
              "barAlignment": 0,
              "lineWidth": 2,
              "fillOpacity": 10,
              "gradientMode": "none",
              "spanNulls": false,
              "insertNulls": false,
              "showPoints": "never",
              "pointSize": 5,
              "stacking": {
                "mode": "none",
                "group": "A"
              },
              "axisPlacement": "auto",
              "axisLabel": "",
              "scaleDistribution": {
                "type": "linear"
              },
              "hideFrom": {
                "legend": false,
                "tooltip": false,
                "vis": false
              },
              "thresholdsStyle": {
                "mode": "off"
              }
            },
            "color": {
              "mode": "palette-classic"
            },
            "min": 0,
            "max": 100,
            "unit": "percent",
            "thresholds": {
              "mode": "absolute",
              "steps": [
                {"color": "green", "value": null},
                {"color": "red", "value": 80}
              ]
            }
          }
        },
        "options": {
          "tooltip": {
            "mode": "single"
          },
          "legend": {
            "calcs": [],
            "displayMode": "list",
            "placement": "bottom"
          }
        },
        "gridPos": {"h": 8, "w": 12, "x": 0, "y": 8}
      },
      {
        "id": 6,
        "title": "Memory Usage Over Time",
        "type": "timeseries",
        "targets": [
          {
            "expr": "(1 - (windows_os_physical_memory_free_bytes{job=\"windows_local\"} / windows_os_total_visible_memory_bytes{job=\"windows_local\"})) * 100",
            "refId": "A",
            "legendFormat": "Memory Usage %"
          }
        ],
        "fieldConfig": {
          "defaults": {
            "custom": {
              "drawStyle": "line",
              "lineInterpolation": "linear",
              "barAlignment": 0,
              "lineWidth": 2,
              "fillOpacity": 10,
              "gradientMode": "none",
              "spanNulls": false,
              "insertNulls": false,
              "showPoints": "never",
              "pointSize": 5,
              "stacking": {
                "mode": "none",
                "group": "A"
              },
              "axisPlacement": "auto",
              "axisLabel": "",
              "scaleDistribution": {
                "type": "linear"
              },
              "hideFrom": {
                "legend": false,
                "tooltip": false,
                "vis": false
              },
              "thresholdsStyle": {
                "mode": "off"
              }
            },
            "color": {
              "mode": "palette-classic"
            },
            "min": 0,
            "max": 100,
            "unit": "percent",
            "thresholds": {
              "mode": "absolute",
              "steps": [
                {"color": "green", "value": null},
                {"color": "red", "value": 80}
              ]
            }
          }
        },
        "options": {
          "tooltip": {
            "mode": "single"
          },
          "legend": {
            "calcs": [],
            "displayMode": "list",
            "placement": "bottom"
          }
        },
        "gridPos": {"h": 8, "w": 12, "x": 12, "y": 8}
      }
    ]
  },
  "overwrite": true
}